{
  "Twilight Sparkle": 0.6378406882286072,
  "Rarity": 0.5544325709342957,
  "Fluttershy": 0.7011463642120361,
  "Rainbow Dash": 0.5119165778160095,
  "Pinkie Pie": 0.6929013729095459,
  "Applejack": 0.6534130573272705
}