{
  "data": {
    "AAAA": 1303.259674762795,
    "AAAC": 1013.646413704396,
    "AAAG": 1072.8854898299776,
    "AAAT": 1513.8875009870849,
    "AACA": 664.7940765204155,
    "AACC": 658.2119569509065,
    "AACG": 658.2119569509065,
    "AACT": 677.9583156594337,
    "AAGA": 684.5404352289428,
    "AAGC": 671.3761960899246,
    "AAGG": 671.3761960899246,
    "AAGT": 796.4364679105969,
    "AATA": 691.1225547984518,
    "AATC": 882.0040223142147,
    "AATG": 763.5258700630516,
    "AATT": 1263.7669573457404,
    "ACAA": 362.01657632299856,
    "ACAC": 394.9271741705439,
    "ACAG": 368.59869589250764,
    "ACAT": 381.7629350315258,
    "ACCA": 355.4344567534895,
    "ACCC": 355.4344567534895,
    "ACCG": 355.4344567534895,
    "ACCT": 355.4344567534895,
    "ACGA": 348.85233718398047,
    "ACGC": 348.85233718398047,
    "ACGG": 348.85233718398047,
    "ACGT": 348.85233718398047,
    "ACTA": 355.4344567534895,
    "ACTC": 355.4344567534895,
    "ACTG": 362.01657632299856,
    "ACTT": 401.50929374005295,
    "AGAA": 348.85233718398047,
    "AGAC": 348.85233718398047,
    "AGAG": 342.2702176144714,
    "AGAT": 342.2702176144714,
    "AGCA": 335.6880980449623,
    "AGCC": 335.6880980449623,
    "AGCG": 335.6880980449623,
    "AGCT": 335.6880980449623,
    "AGGA": 335.6880980449623,
    "AGGC": 335.6880980449623,
    "AGGG": 335.6880980449623,
    "AGGT": 335.6880980449623,
    "AGTA": 335.6880980449623,
    "AGTC": 342.2702176144714,
    "AGTG": 342.2702176144714,
    "AGTT": 342.2702176144714,
    "ATAA": 750.3616309240334,
    "ATAC": 381.7629350315258,
    "ATAG": 381.7629350315258,
    "ATAT": 658.2119569509065,
    "ATCA": 671.3761960899246,
    "ATCC": 566.0622829777795,
    "ATCG": 572.6444025472887,
    "ATCT": 572.6444025472887,
    "ATGA": 743.7795113545243,
    "ATGC": 704.28679393747,
    "ATGG": 697.7046743679609,
    "ATGT": 710.868913506979,
    "ATTA": 750.3616309240334,
    "ATTC": 552.8980438387614,
    "ATTG": 506.823206852198,
    "ATTT": 691.1225547984518,
    "CAAA": 355.4344567534895,
    "CAAC": 355.4344567534895,
    "CAAG": 355.4344567534895,
    "CAAT": 355.4344567534895,
    "CACA": 362.01657632299856,
    "CACC": 355.4344567534895,
    "CACG": 362.01657632299856,
    "CACT": 355.4344567534895,
    "CAGA": 355.4344567534895,
    "CAGC": 355.4344567534895,
    "CAGG": 355.4344567534895,
    "CAGT": 355.4344567534895,
    "CATA": 355.4344567534895,
    "CATC": 355.4344567534895,
    "CATG": 355.4344567534895,
    "CATT": 355.4344567534895,
    "CCAA": 697.7046743679609,
    "CCAC": 684.5404352289428,
    "CCAG": 684.5404352289428,
    "CCAT": 684.5404352289428,
    "CCCA": 1059.7212506909596,
    "CCCC": 1309.8417943323038,
    "CCCG": 1652.1120119467753,
    "CCCT": 1105.7960876775228,
    "CCGA": 684.5404352289428,
    "CCGC": 691.1225547984518,
    "CCGG": 1355.9166313188673,
    "CCGT": 684.5404352289428,
    "CCTA": 750.3616309240334,
    "CCTC": 1053.1391311214504,
    "CCTG": 750.3616309240334,
    "CCTT": 901.7503810227419,
    "CGAA": 605.555000394834,
    "CGAC": 605.555000394834,
    "CGAG": 901.7503810227419,
    "CGAT": 605.555000394834,
    "CGCA": 513.4053264217071,
    "CGCC": 473.91260900465267,
    "CGCG": 1342.7523921798493,
    "CGCT": 526.5695655607252,
    "CGGA": 348.85233718398047,
    "CGGC": 368.59869589250764,
    "CGGG": 789.8543483410878,
    "CGGT": 348.85233718398047,
    "CGTA": 605.555000394834,
    "CGTC": 605.555000394834,
    "CGTG": 631.8834786728702,
    "CGTT": 605.555000394834,
    "CTAA": 506.823206852198,
    "CTAC": 513.4053264217071,
    "CTAG": 1342.7523921798493,
    "CTAT": 513.4053264217071,
    "CTCA": 901.7503810227419,
    "CTCC": 960.9894571483235,
    "CTCG": 1309.8417943323038,
    "CTCT": 947.8252180093053,
    "CTGA": 513.4053264217071,
    "CTGC": 513.4053264217071,
    "CTGG": 506.823206852198,
    "CTGT": 506.823206852198,
    "CTTA": 645.0477178118883,
    "CTTC": 1046.5570115519413,
    "CTTG": 651.6298373813975,
    "CTTT": 763.5258700630516,
    "GAAA": 480.49472857416174,
    "GAAC": 473.91260900465267,
    "GAAG": 473.91260900465267,
    "GAAT": 473.91260900465267,
    "GACA": 473.91260900465267,
    "GACC": 467.3304894351436,
    "GACG": 579.2265221167977,
    "GACT": 473.91260900465267,
    "GAGA": 1132.124565955559,
    "GAGC": 473.91260900465267,
    "GAGG": 460.7483698656345,
    "GAGT": 473.91260900465267,
    "GATA": 460.7483698656345,
    "GATC": 493.6589677131799,
    "GATG": 467.3304894351436,
    "GATT": 467.3304894351436,
    "GCAA": 770.1079896325606,
    "GCAC": 941.2430984397963,
    "GCAG": 770.1079896325606,
    "GCAT": 770.1079896325606,
    "GCCA": 631.8834786728702,
    "GCCC": 849.0934244666694,
    "GCCG": 895.1682614532328,
    "GCCT": 625.3013591033612,
    "GCGA": 1171.6172833726137,
    "GCGC": 1151.8709246640863,
    "GCGG": 960.9894571483235,
    "GCGT": 730.6152722155063,
    "GCTA": 763.5258700630516,
    "GCTC": 763.5258700630516,
    "GCTG": 783.2722287715787,
    "GCTT": 763.5258700630516,
    "GGAA": 724.0331526459971,
    "GGAC": 737.1973917850153,
    "GGAG": 724.0331526459971,
    "GGAT": 724.0331526459971,
    "GGCA": 888.5861418837237,
    "GGCC": 1388.8272291664127,
    "GGCG": 954.4073375788145,
    "GGCT": 895.1682614532328,
    "GGGA": 1086.0497289689956,
    "GGGC": 1441.484185722485,
    "GGGG": 1309.8417943323038,
    "GGGT": 1033.3927724129233,
    "GGTA": 684.5404352289428,
    "GGTC": 691.1225547984518,
    "GGTG": 691.1225547984518,
    "GGTT": 684.5404352289428,
    "GTAA": 348.85233718398047,
    "GTAC": 348.85233718398047,
    "GTAG": 348.85233718398047,
    "GTAT": 348.85233718398047,
    "GTCA": 362.01657632299856,
    "GTCC": 355.4344567534895,
    "GTCG": 388.3450546010348,
    "GTCT": 362.01657632299856,
    "GTGA": 381.7629350315258,
    "GTGC": 756.9437504935424,
    "GTGG": 355.4344567534895,
    "GTGT": 552.8980438387614,
    "GTTA": 348.85233718398047,
    "GTTC": 348.85233718398047,
    "GTTG": 355.4344567534895,
    "GTTT": 348.85233718398047,
    "TAAA": 928.0788593007782,
    "TAAC": 342.2702176144714,
    "TAAG": 342.2702176144714,
    "TAAT": 342.2702176144714,
    "TACA": 993.9000549958688,
    "TACC": 664.7940765204155,
    "TACG": 664.7940765204155,
    "TACT": 664.7940765204155,
    "TAGA": 737.1973917850153,
    "TAGC": 414.6735328790711,
    "TAGG": 414.6735328790711,
    "TAGT": 421.2556524485802,
    "TATA": 1316.423913901813,
    "TATC": 796.4364679105969,
    "TATG": 875.4219027447057,
    "TATT": 756.9437504935424,
    "TCAA": 454.1662502961255,
    "TCAC": 460.7483698656345,
    "TCAG": 460.7483698656345,
    "TCAT": 460.7483698656345,
    "TCCA": 500.2410872826889,
    "TCCC": 513.4053264217071,
    "TCCG": 500.2410872826889,
    "TCCT": 704.28679393747,
    "TCGA": 460.7483698656345,
    "TCGC": 454.1662502961255,
    "TCGG": 454.1662502961255,
    "TCGT": 454.1662502961255,
    "TCTA": 1230.8563594981952,
    "TCTC": 737.1973917850153,
    "TCTG": 776.6901092020696,
    "TCTT": 572.6444025472887,
    "TGAA": 335.6880980449623,
    "TGAC": 335.6880980449623,
    "TGAG": 335.6880980449623,
    "TGAT": 335.6880980449623,
    "TGCA": 335.6880980449623,
    "TGCC": 335.6880980449623,
    "TGCG": 335.6880980449623,
    "TGCT": 335.6880980449623,
    "TGGA": 335.6880980449623,
    "TGGC": 335.6880980449623,
    "TGGG": 335.6880980449623,
    "TGGT": 335.6880980449623,
    "TGTA": 717.4510330764881,
    "TGTC": 487.0768481436708,
    "TGTG": 572.6444025472887,
    "TGTT": 335.6880980449623,
    "TTAA": 1388.8272291664127,
    "TTAC": 671.3761960899246,
    "TTAG": 671.3761960899246,
    "TTAT": 671.3761960899246,
    "TTCA": 789.8543483410878,
    "TTCC": 914.91462016176,
    "TTCG": 789.8543483410878,
    "TTCT": 895.1682614532328,