{
  "data": {
    "electron": {
      "E_10M": -9.054,
      "E_11G": -8.488,
      "E_12G": -8.404,
      "E_13M": -9.104,
      "E_14G": -8.329,
      "E_15G": -8.506,
      "E_16M": -9.156,
      "E_17G": -8.573,
      "E_18G": -8.563,
      "E_19C": -8.963,
      "E_20M": -9.089,
      "E_21G": -8.481,
      "E_22C": -8.909,
      "E_23M": -9.084,
      "E_24G": -8.545,
      "E_25C": -8.94,
      "E_26M": -9.139,
      "E_27G": -8.509,
      "h_10M_27G": -0.03177,
      "h_11G_26M": 0.03588,
      "h_12G_25C": -0.03314,
      "h_13M_24G": 0.03511,
      "h_14G_23M": 0.02188,
      "h_15G_22C": -0.02442,
      "h_16M_21G": -0.02896,
      "h_17G_20M": 0.02906,
      "h_18G_19C": -0.02943,
      "r+_10M_26M": 0.0369,
      "r+_11G_25C": -0.0112,
      "r+_12G_24G": 0.01934,
      "r+_13M_23M": -0.06937,
      "r+_14G_22C": -0.00504,
      "r+_15G_21G": -0.02292,
      "r+_16M_20M": 0.02318,
      "r+_17G_19C": -0.02574,
      "r-_20M_18G": 0.04816,
      "r-_21G_17G": 0.03142,
      "r-_22C_16M": -0.00078,
      "r-_23M_15G": 0.018,
      "r-_24G_14G": 0.02171,
      "r-_25C_13M": -0.00012,
      "r-_26M_12G": 0.00885,
      "r-_27G_11G": 0.04055,
      "t_10M_11G": -0.0373,
      "t_11G_12G": 0.02339,
      "t_12G_13M": -0.00969,
      "t_13M_14G": 0.00243,
      "t_14G_15G": -0.0035,
      "t_15G_16M": -0.03253,
      "t_16M_17G": -0.04257,
      "t_17G_18G": 0.00456,
      "t_19C_20M": 0.03594,
      "t_20M_21G": 0.04824,
      "t_21G_22C": -0.00019,
      "t_22C_23M": -0.00274,
      "t_23M_24G": 0.02229,
      "t_24G_25C": -0.0324,
      "t_25C_26M": 0.00244,
      "t_26M_27G": 0.0568
    },
    "exciton": {
      "E_10M": 0,
      "E_11G": 0,
      "E_12G": 0,
      "E_13M": 0,
      "E_14G": 0,
      "E_15G": 0,
      "E_16M": 0,
      "E_17G": 0,
      "E_18G": 0,
      "E_19C": 0,
      "E_20M": 0,
      "E_21G": 0,
      "E_22C": 0,
      "E_23M": 0,
      "E_24G": 0,
      "E_25C": 0,
      "E_26M": 0,
      "E_27G": 0,
      "h_10M_27G": 0.01214,
      "h_11G_26M": 0.01,
      "h_12G_25C": 0.00688,
      "h_13M_24G": 0.01466,
      "h_14G_23M": 0.01799,
      "h_15G_22C": 0.00251,
      "h_16M_21G": 0.01166,
      "h_17G_20M": 0.00604,
      "h_18G_19C": 0.0001,
      "r+_10M_26M": 0.01256,
      "r+_11G_25C": -0.0012,
      "r+_12G_24G": 0.02,
      "r+_13M_23M": 0.01414,
      "r+_14G_22C": 0.00148,
      "r+_15G_21G": 0.02073,
      "r+_16M_20M": 0.01241,
      "r+_17G_19C": -0.00097,
      "r-_20M_18G": -0.00124,
      "r-_21G_17G": 0.01476,
      "r-_22C_16M": 0.00648,
      "r-_23M_15G": 0.00337,
      "r-_24G_14G": 0.01653,
      "r-_25C_13M": 0.00719,
      "r-_26M_12G": 0.00064,
      "r-_27G_11G": 0.01972,
      "t_10M_11G": 0.02875,
      "t_11G_12G": 0.02181,
      "t_12G_13M": -0.00559,
      "t_13M_14G": 0.04226,
      "t_14G_15G": 0.06916,
      "t_15G_16M": -0.02257,
      "t_16M_17G": 0.01546,
      "t_17G_18G": 0.05652,
      "t_19C_20M": 0.07289,
      "t_20M_21G": 0.02258,
      "t_21G_22C": -0.02991,
      "t_22C_23M": 0.06652,
      "t_23M_24G": 0.03326,
      "t_24G_25C": -0.02307,
      "t_25C_26M": 0.058,
      "t_26M_27G": 0.05293
    },
    "hole": {
      "E_10M": -10.269,
      "E_11G": -10.303,
      "E_12G": -10.258,
      "E_13M": -10.328,
      "E_14G": -10.259,
      "E_15G": -10.254,
      "E_16M": -10.354,
      "E_17G": -10.335,
      "E_18G": -10.283,
      "E_19C": -10.235,
      "E_20M": -10.295,
      "E_21G": -10.251,
      "E_22C": -10.282,
      "E_23M": -10.29,
      "E_24G": -10.334,
      "E_25C": -10.33,
      "E_26M": -10.353,
      "E_27G": -10.224,
      "h_10M_27G": 0.12056,
      "h_11G_26M": -0.09678,
      "h_12G_25C": -0.13826,
      "h_13M_24G": -0.12974,
      "h_14G_23M": 0.07093,
      "h_15G_22C": 0.0881,
      "h_16M_21G": -0.15232,
      "h_17G_20M": -0.11234,
      "h_18G_19C": 0.13338,
      "r+_10M_26M": 0.04535,
      "r+_11G_25C": 0.02389,
      "r+_12G_24G": -0.1634,
      "r+_13M_23M": -0.10492,
      "r+_14G_22C": -0.01282,
      "r+_15G_21G": 0.14232,
      "r+_16M_20M": 0.02594,
      "r+_17G_19C": 0.04864,
      "r-_20M_18G": -0.14957,
      "r-_21G_17G": 0.14867,
      "r-_22C_16M": -0.00167,
      "r-_23M_15G": -0.06015,
      "r-_24G_14G": 0.10193,
      "r-_25C_13M": -0.00027,
      "r-_26M_12G": 0.11124,
      "r-_27G_11G": -0.07429,
      "t_10M_11G": -0.02132,
      "t_11G_12G": 0.05192,
      "t_12G_13M": -0.07433,
      "t_13M_14G": 0.07393,
      "t_14G_15G": 0.18392,
      "t_15G_16M": 0.16123,
      "t_16M_17G": -0.01297,
      "t_17G_18G": -0.20899,
      "t_19C_20M": 0.24715,
      "t_20M_21G": 0.07191,
      "t_21G_22C": 0.00067,
      "t_22C_23M": 0.07644,
      "t_23M_24G": -0.07739,
      "t_24G_25C": -0.07786,
      "t_25C_26M": 0.17945,
      "t_26M_27G": -0.12748
    }
  },
  "metadata": {
    "notes": "No notes provided.",
    "source": "meth",
    "tb_model_name": "ELM",
    "unit": "eV"
  }
}
